epoch,train_loss,valid_loss,train_acc,valid_acc
1,1.6679859307001939,1.47537705264514,0.3850319602272727,0.4564873417721519
2,1.3936763296581127,1.3756141224993934,0.4938742897727273,0.5009889240506329
3,1.2789697665721178,1.2597434528266327,0.5402610085227273,0.5446993670886076
4,1.1865374334156513,1.2106329436543621,0.5763050426136364,0.5650712025316456
