epoch,train_loss,valid_loss,train_acc,valid_acc
1,2.304096602580764,2.3027966022491455,0.09765625,0.10561708860759493
2,2.303365817462856,2.302536587171917,0.10078568892045454,0.09632120253164557
3,2.303382529115135,2.3034296126305303,0.10120738636363637,0.09513449367088607
4,2.303648725829341,2.3025111397610436,0.09972034801136363,0.10185917721518987
