epoch,train_loss,valid_loss,train_acc,valid_acc
1,2.300431361591274,2.2930776559853854,0.10686700994318182,0.1505142405063291
2,2.212123353203589,2.0674456840829003,0.16428444602272727,0.23417721518987342
3,1.9873988045887514,1.9024784444253655,0.259521484375,0.31764240506329117
4,1.812179665673863,1.7189337422576132,0.33556019176136365,0.3660996835443038
