epoch,train_loss,valid_loss,train_acc,valid_acc
1,2.2985102869570255,2.2890263237530672,0.12202592329545454,0.12638449367088608
2,2.1725750878791916,1.9877130306219752,0.19069602272727273,0.2877768987341772
3,1.8892999648709188,1.8261543361446526,0.3124112215909091,0.33544303797468356
4,1.7383147984404455,1.669419466694699,0.36767578125,0.3900316455696203
